R_over_d,component,geometry,common,differential
0.2,normal,open,0.11645884605876,0.002907361277577661
0.2,normal,h2,0.14046752761752726,0.0030169085298535304
0.2,x,open,0.057508918684432246,0.0021741849837365835
0.2,x,h2,0.05169459842119064,0.0021122666478699532
0.2571428571428572,normal,open,0.11464039173398734,0.004725815602350325
0.2571428571428572,normal,h2,0.13857822935624997,0.004906206791130833
0.2571428571428572,x,open,0.05615572471165571,0.0035273789565131194
0.2571428571428572,x,h2,0.050381326404233304,0.0034255386648272923
0.3142857142857143,normal,open,0.11245221544547518,0.0069139918908624805
0.3142857142857143,normal,h2,0.13630226361089876,0.007182172536482053
0.3142857142857143,x,open,0.0545346108158815,0.005148492852287328
0.3142857142857143,x,h2,0.048809550840215654,0.004997314228844941
0.37142857142857144,normal,open,0.10994507541719116,0.009421131919146503
0.37142857142857144,normal,h2,0.13369088583920302,0.009793550308177756
0.37142857142857144,x,open,0.0526874109400297,0.006995692728139133
0.37142857142857144,x,h2,0.04702074042939892,0.0067861246396616745
0.4285714285714286,normal,open,0.10717460871174993,0.012191598624587734
0.4285714285714286,normal,h2,0.13080031703271291,0.012684119114667868
0.4285714285714286,x,open,0.050659745826328005,0.009023357841840825
0.4285714285714286,x,h2,0.04506008817118384,0.008746776897876759
0.4857142857142857,normal,open,0.10419909922756912,0.015167108108768533
0.4857142857142857,normal,h2,0.1276895051597551,0.01579493098762568
0.4857142857142857,x,open,0.048499101076297145,0.01118400259187168
0.4857142857142857,x,h2,0.042974594825824795,0.010832270243235803
0.5428571428571429,normal,open,0.10107731318939775,0.01828889414693991
0.5428571428571429,normal,h2,0.12441795332776436,0.01906648281961645
0.5428571428571429,x,open,0.04625297641974763,0.013430127248421206
0.5428571428571429,x,h2,0.04081122420663455,0.012995640862426048
0.6,normal,open,0.09786651835743454,0.021499688978903128
0.6,normal,h2,0.12104373102074735,0.022440705126633438
0.6,x,open,0.04396720813644823,0.015715895531720606
0.6,x,h2,0.03861523213249703,0.01519163293656357
0.6571428571428571,normal,open,0.09462077708622445,0.024745430250113228
0.6571428571428571,normal,h2,0.11762175868151611,0.025862677465864674
0.6571428571428571,x,open,0.04168454255700946,0.017998561111159373
0.6571428571428571,x,h2,0.03642874684682369,0.017378118222236904
0.7142857142857142,normal,open,0.09138957318982487,0.02797663414651279
0.7142857142857142,normal,h2,0.11420242573808768,0.029282010409293117
0.7142857142857142,x,open,0.03944351106002524,0.020239592608143588
0.7142857142857142,x,h2,0.034289651196127764,0.019517213872932836
0.7714285714285714,normal,open,0.08821680186686244,0.031149405469475224
0.7714285714285714,normal,h2,0.11083057147180304,0.03265386467557775
0.7714285714285714,x,open,0.03727762923354308,0.02240547443462575
0.7714285714285714,x,h2,0.03223078911202895,0.02157607595703165
0.8285714285714285,normal,open,0.0851401237297431,0.034226083606594564
0.8285714285714285,normal,h2,0.10754482991308997,0.03593960623429083
0.8285714285714285,x,open,0.03521491762120645,0.024468186046962378
0.8285714285714285,x,h2,0.030279493695328483,0.023527371373732116
0.8857142857142857,normal,open,0.08219066046743378,0.037175546868903876
0.8857142857142857,normal,h2,0.10437731643061139,0.039107119716769397
0.8857142857142857,x,open,0.033277720693553156,0.026405382974615678
0.8857142857142857,x,h2,0.028457413426211442,0.025349451642849154
0.9428571428571428,normal,open,0.07939299211856152,0.039973215217776144
0.9428571428571428,normal,h2,0.10135361611877967,0.04213082002860112
0.9428571428571428,x,open,0.03148278546958445,0.028200318198584384
0.9428571428571428,x,h2,0.026780597816970366,0.027026267252090227
1.0,normal,open,0.07676540471888925,0.04260080261744841
1.0,normal,h2,0.098493022865467,0.04499141328191378
1.0,x,open,0.029841551838438524,0.02984155182973031
1.0,x,h2,0.025259794458141624,0.028547070610918976
1.0571428571428572,normal,open,0.07432033185833654,0.04504587547800112
1.0571428571428572,normal,h2,0.0958089727404476,0.0476754634069332
1.0571428571428572,x,open,0.028360602702214976,0.031322500965953855
1.0571428571428572,x,h2,0.023900905491614596,0.029905959577446004
1.1142857142857143,normal,open,0.07206493356361968,0.04730127377271799
1.1142857142857143,normal,h2,0.0933096152121245,0.05017482093525629
1.1142857142857143,x,open,0.027042222721405253,0.03264088094676358
1.1142857142857143,x,h2,0.02270555221739022,0.031101312851670376
1.1714285714285715,normal,open,0.07000175974982475,0.04936444758651291
1.1714285714285715,normal,h2,0.09099846951243167,0.05248596663494912
1.1714285714285715,x,open,0.025885018587007674,0.03379808508116116
1.1714285714285715,x,h2,0.021671700696820506,0.032135164372240094
1.2285714285714284,normal,open,0.06812945200882183,0.051236755327515836
1.2285714285714284,normal,h2,0.08887511997894089,0.0546093161684399
1.2285714285714284,x,open,0.0248845602004103,0.03479854346775853
1.2285714285714284,x,h2,0.020794307686098055,0.03301255738296254
1.2857142857142856,normal,open,0.06644344554759266,0.052922761788745006
1.2857142857142856,normal,h2,0.08693591223280354,0.056548523914577244
1.2857142857142856,x,open,0.024034009828696305,0.035649093839472526
1.2857142857142856,x,h2,0.02006595393427103,0.03374091113478957
1.3428571428571427,normal,open,0.06493664165420454,0.05442956568213312
1.3428571428571427,normal,h2,0.08517462060054205,0.058309815546838735
1.3428571428571427,x,open,0.02332471430967686,0.03635838935849197
1.3428571428571427,x,h2,0.01947743990028283,0.034329425168777766
1.4,normal,open,0.06360002938004584,0.05576617795629182
1.4,normal,h2,0.08358306548396709,0.0599013706634137
1.4,x,open,0.0227467430176046,0.036936360650564236
1.4,x,h2,0.019018326593076243,0.03478853847598436
1.457142857142857,normal,open,0.062423242648735146,0.056942964687602515
1.457142857142857,normal,h2,0.08215166689062273,0.06133276925675807
1.457142857142857,x,open,0.02228936110178025,0.037393742566388576
1.457142857142857,x,h2,0.018677411052003903,0.035129454017056694
1.5142857142857142,normal,open,0.06139504541797583,0.05797116191836183
1.5142857142857142,normal,h2,0.08086992674055288,0.06261450940682792
1.5142857142857142,x,open,0.021941433213819906,0.037741670454348925
1.5142857142857142,x,h2,0.018443131699121255,0.035363733369939344
1.5714285714285714,normal,open,0.06050374269525653,0.058862464641081136
1.5714285714285714,normal,h2,0.0797268377287252,0.0637575984186556
1.5714285714285714,x,open,0.021691757449015612,0.03799134621915322
1.5714285714285714,x,h2,0.018303903314062227,0.03550296175499837
1.6285714285714286,normal,open,0.05973751914392382,0.05962868819241384
1.6285714285714286,normal,h2,0.07871122044850057,0.06477321569888023
1.6285714285714286,x,open,0.021529332570327304,0.03815377109784153
1.6285714285714286,x,h2,0.018248384733339642,0.035558480335720954
1.6857142857142857,normal,open,0.059084709808972936,0.060281497527364725
1.6857142857142857,normal,h2,0.0778119932663593,0.06567244288102149
1.6857142857142857,x,open,0.02144356386959309,0.03823953979857574
1.6857142857142857,x,h2,0.018265684668525253,0.03554118040053535
1.7428571428571427,normal,open,0.05853400929374669,0.060832198042590976
1.7428571428571427,normal,h2,0.07701838123354013,0.06646605491384067
1.7428571428571427,x,open,0.02142441440544172,0.03825868926272711
1.7428571428571427,x,h2,0.018345512427751478,0.03546135264130912
1.7999999999999998,normal,open,0.058074626706350635,0.06129158062998702
1.7999999999999998,normal,h2,0.07632007130303163,0.06716436484434916
1.7999999999999998,x,open,0.021462509015230568,0.03822059465293826
1.7999999999999998,x,h2,0.018478280986471116,0.03532858408258948
1.857142857142857,normal,open,0.057696394047100315,0.06166981328923735
1.857142857142857,normal,h2,0.07570732146952733,0.06777711467785345
1.857142857142857,x,open,0.021549198601109015,0.03813390506705982
1.857142857142857,x,h2,0.018655169958484485,0.03515169511057611
1.9142857142857141,normal,open,0.05738983559222106,0.0619763717441166
1.9142857142857141,normal,h2,0.07517103133192166,0.06831340481545914
1.9142857142857141,x,open,0.02167659189481423,0.0380065117733546
1.9142857142857141,x,h2,0.018868155723789838,0.03493870934527076
1.9714285714285713,normal,open,0.057146205389574385,0.062220001946763276
1.9714285714285713,normal,h2,0.0747027811378085,0.0687816550095723
1.9714285714285713,x,open,0.021837561346444136,0.0378455423217247
1.9714285714285713,x,h2,0.019110015410359123,0.03469684965870148
2.0285714285714285,normal,open,0.056957499339589615,0.062408707996748046
2.0285714285714285,normal,h2,0.0742948457273123,0.06918959042006849
2.0285714285714285,x,open,0.022025729068504724,0.03765737459966411
2.0285714285714285,x,h2,0.0193743107119092,0.034432554357151396
2.085714285714286,normal,open,0.05681644758363878,0.06254975975269889
2.085714285714286,normal,h2,0.07394018904407759,0.0695442471033032
2.085714285714286,x,open,0.022235437982514483,0.037447665685654344
2.085714285714286,x,h2,0.019655356737794047,0.03415150833126655
2.142857142857143,normal,open,0.05671649213403692,0.06264971520230074
2.142857142857143,normal,h2,0.07363244409544566,0.06985199205193512
2.142857142857143,x,open,0.022461712523387047,0.03722139114478178
2.142857142857143,x,h2,0.019948180296456463,0.03385868477260413
2.2,normal,open,0.05665175390539338,0.06271445343094428
2.2,normal,h2,0.07336588247231028,0.07011855367507051
2.2,x,open,0.022700212499482713,0.03698289116868612
2.2,x,h2,0.02024847125337293,0.03355839381568767
2.257142857142857,normal,open,0.05661699257991569,0.06274921475642198
2.257142857142857,normal,h2,0.07313537681545333,0.07034905933192746
2.257142857142857,x,open,0.022947183010753158,0.03673592065741567
2.257142857142857,x,h2,0.02055252990537692,0.03325433516368368
2.3142857142857145,normal,open,0.05660756207978391,0.06275864525655375
2.3142857142857145,normal,h2,0.07293635895947945,0.07054807718790135
2.3142857142857145,x,open,0.023199402708785566,0.03648370095938327
2.3142857142857145,x,h2,0.020857212690769796,0.032949652378290804
2.3714285714285714,normal,open,0.05661936383800759,0.06274684349833007
2.3714285714285714,normal,h2,0.0727647759078059,0.07071966023957488
2.3714285714285714,x,open,0.023454132146763635,0.036228971521405195
2.3714285714285714,x,h2,0.02115987801482424,0.03264698705423636
2.428571428571429,normal,open,0.05664879955803814,0.06271740777829952
2.428571428571429,normal,h2,0.07261704529518928,0.07086739085219151
2.428571428571429,x,open,0.02370906351404788,0.03597404015412095
2.428571428571429,x,h2,0.02145833351290375,0.03234853155615685
2.4857142857142858,normal,open,0.05669272472959047,0.0626734826067472
2.4857142857142858,normal,h2,0.07249001157563785,0.07099442457174295
2.4857142857142858,x,open,0.023962272674701798,0.03572083099346703
2.4857142857142858,x,h2,0.02175078569401995,0.032056079375040646
2.542857142857143,normal,open,0.056748403818181394,0.06261780351815627
2.542857142857143,normal,h2,0.07238090382773146,0.07110353231964933
2.542857142857143,x,open,0.024212174124816046,0.03547092954335279
2.542857142857143,x,h2,0.02203579259926626,0.03177107246979434
2.6,normal,open,0.056813467761553604,0.06255273957478406
2.6,normal,h2,0.07228729578901348,0.07119714035836731
2.6,x,open,0.024457479241609712,0.03522562442655912
2.6,x,h2,0.02231221986396447,0.03149464520509613
2.657142857142857,normal,open,0.05688587417935441,0.06248033315698325
2.657142857142857,normal,h2,0.07220706850810424,0.07127736763927656
2.657142857142857,x,open,0.02469715800934086,0.03498594565882797
2.657142857142857,x,h2,0.022579200380913184,0.031227664688147413
2.7142857142857144,normal,open,0.0569638705250053,0.062402336811332365
2.7142857142857144,normal,h2,0.07213837582929776,0.07134606031808303
2.7142857142857144,x,open,0.024930404264579945,0.03475269940358888
2.7142857142857144,x,h2,0.022836097616412518,0.03097076745264808
2.7714285714285714,normal,open,0.057045960272818094,0.06232024706351957
2.7714285714285714,normal,h2,0.0720796127917955,0.07140482335558529
2.7714285714285714,x,open,0.025156604398525184,0.03452649926964364
2.7714285714285714,x,h2,0.023082472522917098,0.0307243925461435
2.8285714285714287,normal,open,0.05713087213190737,0.06223533520443029
2.8285714285714287,normal,h2,0.07202938692720609,0.0714550492201747
2.8285714285714287,x,open,0.025375309379700083,0.03430779428846875
2.8285714285714287,x,h2,0.023318053915185776,0.030488811153874817
2.8857142857142857,normal,open,0.057217532204919326,0.062148675131418335
2.8857142857142857,normal,h2,0.07198649236808775,0.07149794377929304
2.8857142857142857,x,open,0.0255862099103906,0.03409689375777823
2.8857142857142857,x,h2,0.02354271212447637,0.030264152944584226
2.942857142857143,normal,open,0.057305038958476356,0.06206116837786131
2.942857142857143,normal,h2,0.0719498866315615,0.07153454951581929
2.942857142857143,x,open,0.025789114499268406,0.03389398916890043
2.942857142857143,x,h2,0.02375643571239075,0.030050429356669846
3.0,normal,open,0.057392640838776855,0.061973566497560806
3.0,normal,h2,0.07191866991063453,0.07156576623674626
3.0,x,open,0.025983930216374487,0.033699173451794344
3.0,x,h2,0.02395931100796794,0.029847554061092657
