N,spacing_over_d,xi_over_d,h_over_d,min_eig_normal_difference,min_eig_tangent_difference
3,0.25,0.0,1.3,0.00014589776243035095,7.506373013985732e-05
3,0.25,0.0,1.5,4.56431782114258e-05,2.49893491212868e-05
3,0.25,0.0,2.0,4.630070017419486e-06,2.5296750938780003e-06
3,0.25,0.0,3.0,1.9085336259862178e-07,9.316378531374738e-08
3,0.25,0.0,6.0,8.660025198271067e-10,2.856844514343398e-10
3,0.25,0.5,1.3,5.453074509618383e-05,2.4555622783960735e-05
3,0.25,0.5,1.5,2.0772880039853314e-05,1.0318187666072415e-05
3,0.25,0.5,2.0,2.8509280419188517e-06,1.4681768488090919e-06
3,0.25,0.5,3.0,1.5165640133689308e-07,7.145580604257667e-08
3,0.25,0.5,6.0,8.159631694419823e-10,2.6547431068287015e-10
3,0.25,1.0,1.3,1.060717704920588e-05,3.8025131303549208e-06
3,0.25,1.0,1.5,5.049340233898044e-06,2.076131267749615e-06
3,0.25,1.0,2.0,1.0407578595294424e-06,4.699058089114046e-07
3,0.25,1.0,3.0,8.654679153236748e-08,3.735797279947719e-08
3,0.25,1.0,6.0,6.898904058528324e-10,2.1597447832510087e-10
3,0.6,0.0,1.3,0.003669852480083327,0.0019914940363315236
3,0.6,0.0,1.5,0.0012254514029879948,0.0007096439859955169
3,0.6,0.0,2.0,0.00013623572721008665,7.769634442720896e-05
3,0.6,0.0,3.0,6.0101439138284e-06,2.9995803861745555e-06
3,0.6,0.0,6.0,2.837896273496239e-08,9.415139774646069e-09
3,0.6,0.5,1.3,0.001541965725828995,0.0007389121260551433
3,0.6,0.5,1.5,0.000602708367841346,0.00031704748209414427
3,0.6,0.5,2.0,8.653486924051005e-05,4.6455987061198525e-05
3,0.6,0.5,3.0,4.8112600910687835e-06,2.3166515529643858e-06
3,0.6,0.5,6.0,2.6752685299677838e-08,8.75348425821705e-09
3,0.6,1.0,1.3,0.000327667900386042,0.00012359302636637376
3,0.6,1.0,1.5,0.000156992574595071,6.76020206579256e-05
3,0.6,1.0,2.0,3.281340859518171e-05,1.5340253786362448e-05
3,0.6,1.0,3.0,2.781587968219215e-06,1.2246328328987182e-06
3,0.6,1.0,6.0,2.2648026958644818e-08,7.130021577108662e-09
3,1.0,0.0,1.3,0.0164994804309711,0.00864086419485841
3,1.0,0.0,1.5,0.006172832531175756,0.0036144877414659286
3,1.0,0.0,2.0,0.0008165782322220399,0.0004857084875236046
3,1.0,0.0,3.0,4.1451148705286454e-05,2.1402031286674392e-05
3,1.0,0.0,6.0,2.1320593020951465e-07,7.152098148683092e-08
3,1.0,0.5,1.3,0.008340031861111995,0.004083479155115482
3,1.0,0.5,1.5,0.0034588609109285746,0.0018938048014376285
3,1.0,0.5,2.0,0.0005494428178079991,0.00030985599745801256
3,1.0,0.5,3.0,3.36782765979224e-05,1.678891717488666e-05
3,1.0,0.5,6.0,2.012028467956868e-07,6.656866728786464e-08
3,1.0,1.0,1.3,0.002132549986015273,0.0008529541818094307
3,1.0,1.0,1.5,0.001040605621005582,0.0004752347649315025
3,1.0,1.0,2.0,0.00022548870103907112,0.00011105095653283195
3,1.0,1.0,3.0,2.0006969965896087e-05,9.114427993554578e-06
3,1.0,1.0,6.0,1.7079407003994923e-07,5.437009812226467e-08
5,0.25,0.0,1.3,2.2208022232985436e-06,1.463096005914937e-06
5,0.25,0.0,1.5,4.125357181819187e-07,2.819178875554821e-07
5,0.25,0.0,2.0,1.4005525430805259e-08,9.488130083353808e-09
5,0.25,0.0,3.0,1.1641003017037861e-10,7.329673495073779e-11
5,0.25,0.0,6.0,3.243459867395617e-14,1.551857237234947e-14
5,0.25,0.5,1.3,2.8898896162849007e-07,1.6657089203752046e-07
5,0.25,0.5,1.5,7.804661663476892e-08,4.8636986618866706e-08
5,0.25,0.5,2.0,4.842312352256661e-09,3.1033602105779236e-09
5,0.25,0.5,3.0,6.891683192158268e-11,4.1936947458149874e-11
5,0.25,0.5,6.0,2.821471286305625e-14,1.328013791016809e-14
5,0.25,1.0,1.3,1.3284201345999153e-08,6.181423025333908e-09
5,0.25,1.0,1.5,5.137071682317429e-09,2.7107665861668306e-09
5,0.25,1.0,2.0,6.401409291729477e-10,3.6633392857160347e-10
5,0.25,1.0,3.0,2.0825653059372655e-11,1.169503154269419e-11
5,0.25,1.0,6.0,1.9249734919925065e-14,8.670420934114605e-15
5,0.6,0.0,1.3,0.0009026127035732644,0.0006284924320514686
5,0.6,0.0,1.5,0.00021002398942855668,0.00015389679362791715
5,0.6,0.0,2.0,9.885028947726306e-06,7.102891749199071e-06
5,0.6,0.0,3.0,1.050844098579662e-07,6.851159833788594e-08
5,0.6,0.0,6.0,3.4021324188599194e-11,1.6431626091395677e-11
5,0.6,0.5,1.3,0.0001938197678566634,0.00012149331720541306
5,0.6,0.5,1.5,5.6272166538381555e-05,3.802915097304315e-05
5,0.6,0.5,2.0,3.98121069184136e-06,2.7109661101304868e-06
5,0.6,0.5,3.0,6.481059432395796e-08,4.082242794930772e-08
5,0.6,0.5,6.0,2.968460077243708e-11,1.4110777334500765e-11
5,0.6,1.0,1.3,1.2216510958741768e-05,6.113058681335933e-06
5,0.6,1.0,1.5,4.779502121447497e-06,2.6985413776890754e-06
5,0.6,1.0,2.0,6.126314500114042e-07,3.6930100088853786e-07
5,0.6,1.0,3.0,2.0807656027441826e-08,1.2054805263191813e-08
5,0.6,1.0,6.0,2.0395530831427387e-11,9.282788989494879e-12
5,1.0,0.0,1.3,0.010130720516578219,0.00654550946518379
5,1.0,0.0,1.5,0.0031330651826016343,0.0022800013069993632
5,1.0,0.0,2.0,0.00024313115982473632,0.0001826629336866045
5,1.0,0.0,3.0,4.112579229615315e-06,2.8097921140568653e-06
5,1.0,0.0,6.0,1.8254618094908883e-09,8.974846509684455e-10
5,1.0,0.5,1.3,0.0038054210294484396,0.0023938696359913575
5,1.0,0.5,1.5,0.001297205502844812,0.0009122108304785749
5,1.0,0.5,2.0,0.0001233365346533134,8.938706920001862e-05
5,1.0,0.5,3.0,2.729059092872349e-06,1.8074013780491815e-06
5,1.0,0.5,6.0,1.6031583412613658e-09,7.758895391078788e-10
5,1.0,1.0,1.3,0.00044612904479843506,0.00024110099164635689
5,1.0,1.0,1.5,0.00018279732554800566,0.00011204903699268272
5,1.0,1.0,2.0,2.57683063895478e-05,1.67542738326036e-05
5,1.0,1.0,3.0,9.902304280760525e-07,6.041483110610826e-07
5,1.0,1.0,6.0,1.118588119676447e-09,5.184166707036494e-10
10,0.25,0.0,1.3,6.01779880677583e-09,5.105971400923157e-09
10,0.25,0.0,1.5,3.627384319481042e-10,3.1146159573595e-10
10,0.25,0.0,2.0,1.036296550886414e-12,8.812647321246014e-13
10,0.25,0.0,3.0,1.8683726440175904e-16,1.7770283199179282e-16
10,0.25,0.0,6.0,-4.8440546788477435e-18,1.402098922211747e-19
10,0.25,0.5,1.3,3.192767469782605e-11,2.4547422917389424e-11
10,0.25,0.5,1.5,4.238780276238715e-12,3.4076027579858954e-12
10,0.25,0.5,2.0,4.8891831889646405e-14,3.9877487127429644e-14
10,0.25,0.5,3.0,2.7358910908215343e-17,2.974662065687667e-17
10,0.25,0.5,6.0,5.852720814361337e-20,-1.948634259940735e-18
10,0.25,1.0,1.3,2.4796538122560126e-14,1.6135087316224397e-14
10,0.25,1.0,1.5,6.38714986031666e-15,4.557415649468301e-15
10,0.25,1.0,2.0,2.9453542259500867e-16,2.1645702506697184e-16
10,0.25,1.0,3.0,1.0350957399307911e-17,4.157432118894318e-20
10,0.25,1.0,6.0,3.19357488063511e-18,-4.357838017867561e-18
10,0.6,0.0,1.3,0.0002664846353176781,0.00022329555839251353
10,0.6,0.0,1.5,3.957227737428779e-05,3.480069425992254e-05
10,0.6,0.0,2.0,5.135592493612674e-07,4.5332988253185844e-07
10,0.6,0.0,3.0,3.837926434496769e-10,3.254556936798123e-10
10,0.6,0.0,6.0,3.145852222150604e-16,2.2051522866221361e-16
10,0.6,0.5,1.3,1.8663719489679797e-05,1.5148989376485332e-05
10,0.6,0.5,1.5,3.405566992022401e-06,2.92006395257678e-06
10,0.6,0.5,2.0,7.119883746236475e-08,6.133602116859375e-08
10,0.6,0.5,3.0,1.0752883111014122e-10,8.912060868090068e-11
10,0.6,0.5,6.0,2.0363017078453776e-16,1.3977557774630726e-16
10,0.6,1.0,1.3,8.018067442895751e-08,5.6423362819282306e-08
10,0.6,1.0,1.5,2.158047491173516e-08,1.6628072660319137e-08
10,0.6,1.0,2.0,1.081989248316238e-09,8.646548833058802e-10
10,0.6,1.0,3.0,5.967985365617477e-12,4.6644700665565105e-12
10,0.6,1.0,6.0,6.175664947799806e-17,3.995967778202225e-17
10,1.0,0.0,1.3,0.007273551753548423,0.005338737676692123
10,1.0,0.0,1.5,0.0019294481160182979,0.0015936254281728331
10,1.0,0.0,2.0,8.939012474500772e-05,7.83228093950215e-05
10,1.0,0.0,3.0,3.577398350130556e-07,3.101577774774442e-07
10,1.0,0.0,6.0,1.4988107801475484e-12,1.1136718020978838e-12
10,1.0,0.5,1.3,0.002054655502947479,0.0015280705082367152
10,1.0,0.5,1.5,0.0005781391703807762,0.00048168006150200006
10,1.0,0.5,2.0,3.062615855199488e-05,2.6800344142554464e-05
10,1.0,0.5,3.0,1.559909448702028e-07,1.3364008919059946e-07
10,1.0,0.5,6.0,1.0332488991211653e-12,7.575863833471836e-13
10,1.0,1.0,1.3,8.337950960972705e-05,5.960173217071372e-05
10,1.0,1.0,1.5,2.6794287888241798e-05,2.1548961888879817e-05
10,1.0,1.0,2.0,1.970952254556374e-06,1.6661116243595291e-06
10,1.0,1.0,3.0,1.840109851409313e-08,1.5112995531706076e-08
10,1.0,1.0,6.0,3.76496377952228e-13,2.659961461275555e-13
16,0.25,0.0,1.3,2.7668211689462657e-10,2.5295827640696964e-10
16,0.25,0.0,1.5,6.5512133611036705e-12,6.008048466311499e-12
16,0.25,0.0,2.0,1.8470094346774014e-15,1.7141830760087811e-15
16,0.25,0.0,3.0,-1.6575332011137275e-17,1.409074849890502e-17
16,0.25,0.0,6.0,-5.935343617434357e-18,-5.605050696034188e-18
16,0.25,0.5,1.3,3.404046120897168e-14,2.887144910288924e-14
16,0.25,0.5,1.5,2.2780335907143615e-15,2.0044071610779736e-15
16,0.25,0.5,2.0,1.5601808785109636e-17,3.885283035061076e-18
16,0.25,0.5,3.0,-1.578402014120675e-17,-1.2495710903299298e-18
16,0.25,0.5,6.0,-1.1927521058516565e-18,-3.483515379584804e-18
16,0.25,1.0,1.3,1.0519332107012763e-17,-1.9330263784383605e-18
16,0.25,1.0,1.5,1.0481242155432653e-17,-8.771074357887343e-20
16,0.25,1.0,2.0,4.740842235533252e-18,-1.747363751813399e-18
16,0.25,1.0,3.0,4.1909022055657646e-18,-1.704682144204911e-18
16,0.25,1.0,6.0,-3.1877352742865167e-18,-5.528807413933623e-18
16,0.6,0.0,1.3,0.0001851463328385677,0.00016128237081519003
16,0.6,0.0,1.5,2.32232141116014e-05,2.1201392760144678e-05
16,0.6,0.0,2.0,1.6605015086801763e-07,1.538095610862912e-07
16,0.6,0.0,3.0,2.2235269535294755e-11,2.033993444121373e-11
16,0.6,0.0,6.0,9.379515086694065e-18,3.96167078964789e-19
16,0.6,0.5,1.3,7.487727306229871e-06,6.53739492044834e-06
16,0.6,0.5,1.5,1.0686708281458634e-06,9.770414655742133e-07
16,0.6,0.5,2.0,1.0655536793281481e-08,9.805694509556332e-09
16,0.6,0.5,3.0,2.727403517694168e-12,2.459189913878227e-12
16,0.6,0.5,6.0,6.503977925156773e-18,-6.321904824995896e-19
16,0.6,1.0,1.3,3.8373078708262145e-09,3.0892264075388126e-09
16,0.6,1.0,1.5,7.663098543563813e-10,6.597552685795536e-10
16,0.6,1.0,2.0,1.7588730649092867e-11,1.542404772717674e-11
16,0.6,1.0,3.0,1.9622844103729723e-14,1.6898289480387584e-14
16,0.6,1.0,6.0,-5.799621204910782e-19,-3.108985984025921e-18
16,1.0,0.0,1.3,0.006669554875602731,0.0030096542670655117
16,1.0,0.0,1.5,0.0016952902637249404,0.0014324250224242688
16,1.0,0.0,2.0,6.69744795306182e-05,6.035673821169267e-05
16,1.0,0.0,3.0,1.5023184325338594e-07,1.376287170044617e-07
16,1.0,0.0,6.0,2.6278365385068962e-14,2.252386770036537e-14
16,1.0,0.5,1.3,0.0017236521917615565,0.0013273555140113841
16,1.0,0.5,1.5,0.0004563064129691101,0.0003934640947729348
16,1.0,0.5,2.0,1.9615480235080815e-05,1.7850096227402366e-05
16,1.0,0.5,3.0,5.104568554404783e-08,4.6700857451411896e-08
16,1.0,0.5,6.0,1.3584395378930057e-14,1.1530253764796316e-14
16,1.0,1.0,1.3,4.466903527623514e-05,3.459971633635502e-05
16,1.0,1.0,1.5,1.2818363839008985e-05,1.111781405923266e-05
16,1.0,1.0,2.0,6.747451333046758e-07,6.134337702278996e-07
16,1.0,1.0,3.0,2.6688050459313547e-09,2.4025410004680037e-09
16,1.0,1.0,6.0,2.2341283593274793e-15,1.8362850243927343e-15
